;name;bus0;bus1;s_nom;voltage;x;r;;
0;f30t31V220_0;30_220;31_220;495,366531;220;13,88128;3,47032;;11
1;f38t31V220_1;38_220;31_220;990,7330619;220;5,43088;1,35772;;
2;f31t38V380_2;31_380;38_380;1711,266198;380;8,36775;0,836775;;
3;f14t16V220_3;14_220;16_220;495,366531;220;8,8208;2,2052;;
4;f16t15V220_4;16_220;15_220;495,366531;220;14,65888;3,66472;;
5;f14t15V220_5;14_220;15_220;495,366531;220;21,8848;5,4712;;
6;f13t17V380_6;13_380;17_380;1283,449648;380;66,7635999;6,676299903;;
7;f13t15V380_7;13_380;15_380;1283,449648;380;8,089325244;0,808925244;;
8;f85t82V220_8;85_220;82_220;990,7330619;220;4,95936;1,23984;;
9;f22t25V380_9;22_380;25_380;1711,266198;380;14,3445;1,43445;;
10;f22t24V220_10;22_220;24_220;495,366531;220;1,06016;0,26504;;
11;f24t21V220_11;24_220;21_220;495,366531;220;13,42528;3,35632;;
12;f25t24V220_12;25_220;24_220;495,366531;220;6,21536;1,55384;;
13;f21t22V380_13;21_380;22_380;855,6330989;380;14,288;1,4288;;
14;f21t29V380_14;21_380;29_380;1711,266198;380;6,39275;0,639275;;
15;f21t25V380_15;21_380;25_380;855,6330989;380;28,8205;2,88205;;
16;f36t99V380_16;36_380;99_380;1283,449648;380;43,28762338;4,328723379;;
17;f39t14V380_17;39_380;14_380;1283,449648;380;34,72296528;3,472265277;;
18;f14t13V380_18;14_380;13_380;1283,449648;380;9,889656777;0,988956777;;
19;f39t13V380_19;39_380;13_380;2566,899297;380;20,76237486;2,076274858;;
20;f39t17V380_20;39_380;17_380;1283,449648;380;65,29226804;6,529168041;;
21;f39t19V380_21;39_380;19_380;1283,449648;380;25,22230811;2,522208111;;
22;f18t19V380_22;18_380;19_380;1283,449648;380;44,97395503;4,497355026;;
23;f17t18V380_23;17_380;18_380;1283,449648;380;49,66995033;4,96695033;;
24;f12t14V220_24;12_220;14_220;495,366531;220;12,4016;3,1004;;
25;f12t15V380_25;12_380;15_380;1711,266198;380;4,2525;0,42525;;
26;f12t15V380_26;12_380;15_380;1711,266198;380;4,25725;0,425725;;
27;f10t12V380_27;10_380;12_380;427,8165495;380;7,717;0,7717;;
28;f36t99V380_28;36_380;99_380;1283,449648;380;19,45931387;1,945913874;;
29;f36t34V380_29;36_380;34_380;3422,532396;380;5,080875;0,5080875;;
30;f76t79V380_30;76_380;79_380;1711,266198;380;30,242;3,0242;;
31;f76t68V220_31;76_220;68_220;990,7330619;220;6,11504;1,52876;;
32;f76t69V220_32;76_220;69_220;495,366531;220;21,37216;5,34304;;
33;f76t75V220_33;76_220;75_220;495,366531;220;6,9872;1,7468;;
34;f75t76V220_34;75_220;76_220;495,366531;220;9,58208;2,39552;;
35;f27t26V380_35;27_380;26_380;855,6330989;380;28,0245;2,80245;;
36;f21t28V380_36;21_380;28_380;855,6330989;380;45,395;4,5395;;
37;f77t76V220_37;77_220;76_220;495,366531;220;13,28928;3,32232;;
38;f85t81V380_38;85_380;81_380;1711,266198;380;4,28225;0,428225;;
39;f27t28V380_39;27_380;28_380;855,6330989;380;7,4915;0,74915;;
40;f63t68V380_40;63_380;68_380;1711,266198;380;16,1;1,61;;
41;f65t68V380_41;65_380;68_380;1711,266198;380;13,899;1,3899;;
42;f4t3V380_42;4_380;3_380;1283,449648;380;18,09264857;1,809248574;;
43;f39t6V380_43;39_380;6_380;1283,449648;380;39,65096035;3,965060349;;
44;f39t6V380_44;39_380;6_380;1283,449648;380;52,30461436;5,230414362;;
45;f33t34V380_45;33_380;34_380;1711,266198;380;13,52675;1,352675;;
46;f33t34V380_46;33_380;34_380;1711,266198;380;13,52675;1,352675;;
47;f4t6V380_47;4_380;6_380;1283,449648;380;36,78596321;3,678563214;;
48;f14t3V380_48;14_380;3_380;1283,449648;380;43,56162311;4,356123105;;
49;f14t3V220_49;14_220;3_220;247,6832655;220;39,70432;9,92608;;
50;f7t99V380_50;7_380;99_380;1711,266198;380;19,4345;1,94345;;
51;f3t2V380_51;3_380;2_380;855,6330989;380;31,09;3,109;;
52;f3t2V380_52;3_380;2_380;855,6330989;380;31,0975;3,10975;;
53;f48t49V380_53;48_380;49_380;1711,266198;380;11,586;1,1586;;
54;f45t49V380_54;45_380;49_380;1711,266198;380;27,50775;2,750775;;
55;f48t49V380_55;48_380;49_380;1711,266198;380;17,46925;1,746925;;
56;f66t54V380_56;66_380;54_380;1711,266198;380;23,6405;2,36405;;
57;f18t19V380_57;18_380;19_380;1711,266198;380;11,79075;1,179075;;
58;f19t18V380_58;19_380;18_380;1711,266198;380;17,91;1,791;;
59;f46t45V380_59;46_380;45_380;1711,266198;380;4,16625;0,416625;;
60;f46t45V380_60;46_380;45_380;1711,266198;380;9,25125;0,925125;;
61;f45t44V380_61;45_380;44_380;1283,449648;380;8,251325082;0,825125082;;
62;f45t44V380_62;45_380;44_380;1711,266198;380;3,67175;0,367175;;
63;f58t45V380_63;58_380;45_380;1711,266198;380;4,376;0,4376;;
64;f45t44V380_64;45_380;44_380;1711,266198;380;8,86025;0,886025;;
65;f45t48V380_65;45_380;48_380;1711,266198;380;15,95075;1,595075;;
66;f59t57V380_66;59_380;57_380;1711,266198;380;16,84475;1,684475;;
67;f53t52V380_67;53_380;52_380;1711,266198;380;11,18775;1,118775;;
68;f53t57V380_68;53_380;57_380;1711,266198;380;17,00075;1,700075;;
69;f50t41V380_69;50_380;41_380;1711,266198;380;2,655;0,2655;;
70;f40t42V380_70;40_380;42_380;1711,266198;380;7,135;0,7135;;
71;f53t56V380_71;53_380;56_380;1711,266198;380;10,6815;1,06815;;
72;f40t41V220_72;40_220;41_220;495,366531;220;10,99968;2,74992;;
73;f40t42V380_73;40_380;42_380;1711,266198;380;4,233;0,4233;;
74;f40t50V380_74;40_380;50_380;1711,266198;380;5,50975;0,550975;;
75;f41t42V380_75;41_380;42_380;1711,266198;380;5,1615;0,51615;;
76;f53t57V380_76;53_380;57_380;1711,266198;380;17,00075;1,700075;;
77;f53t50V220_77;53_220;50_220;990,7330619;220;3,91664;0,97916;;
78;f40t50V380_78;40_380;50_380;1711,266198;380;5,50975;0,550975;;
79;f50t41V380_79;50_380;41_380;1711,266198;380;4,53175;0,453175;;
80;f53t52V380_80;53_380;52_380;1711,266198;380;11,18775;1,118775;;
81;f53t56V380_81;53_380;56_380;1711,266198;380;15,59525;1,559525;;
82;f47t46V220_82;47_220;46_220;495,366531;220;13,39072;3,34768;;
83;f45t46V220_83;45_220;46_220;495,366531;220;10,28864;2,57216;;
84;f44t45V220_84;44_220;45_220;495,366531;220;8,96736;2,24184;;
85;f45t44V220_85;45_220;44_220;495,366531;220;5,8896;1,4724;;
86;f40t50V220_86;40_220;50_220;495,366531;220;9,81632;2,45408;;
87;f44t45V220_87;44_220;45_220;495,366531;220;9,89792;2,47448;;
88;f50t40V220_88;50_220;40_220;495,366531;220;13,80736;3,45184;;
89;f58t44V220_89;58_220;44_220;247,6832655;220;24,0096;6,0024;;
90;f45t44V220_90;45_220;44_220;247,6832655;220;14,15488;3,53872;;
91;f58t44V220_91;58_220;44_220;247,6832655;220;23,82528;5,95632;;
92;f40t50V220_92;40_220;50_220;495,366531;220;7,44832;1,86208;;
93;f53t51V220_93;53_220;51_220;495,366531;220;6,58464;1,64616;;
94;f50t40V220_94;50_220;40_220;495,366531;220;1,55168;0,38792;;
95;f40t41V220_95;40_220;41_220;495,366531;220;6,36192;1,59048;;
96;f53t57V220_96;53_220;57_220;495,366531;220;16,35648;4,08912;;
97;f42t57V380_97;42_380;57_380;1711,266198;380;18,45475;1,845475;;
98;f40t41V220_98;40_220;41_220;495,366531;220;10,912;2,728;;
99;f40t58V220_99;40_220;58_220;247,6832655;220;76,40768;19,10192;;
100;f40t51V220_100;40_220;51_220;247,6832655;220;6,31936;1,57984;;
101;f53t57V220_101;53_220;57_220;495,366531;220;16,35648;4,08912;;
102;f42t57V380_102;42_380;57_380;1711,266198;380;20,94525;2,094525;;
103;f40t58V220_103;40_220;58_220;247,6832655;220;77,7504;19,4376;;
104;f40t51V220_104;40_220;51_220;247,6832655;220;6,31936;1,57984;;
105;f53t50V220_105;53_220;50_220;990,7330619;220;2,14544;0,53636;;
106;f33t59V380_106;33_380;59_380;1711,266198;380;14,38525;1,438525;;
107;f41t50V220_107;41_220;50_220;495,366531;220;1,8336;0,4584;;
108;f44t45V380_108;44_380;45_380;1711,266198;380;2,51125;0,251125;;
109;f44t59V380_109;44_380;59_380;1711,266198;380;8,64875;0,864875;;
110;f44t45V380_110;44_380;45_380;1711,266198;380;2,50475;0,250475;;
111;f44t59V220_111;44_220;59_220;495,366531;220;8,056;2,014;;
112;f45t46V220_112;45_220;46_220;495,366531;220;7,81984;1,95496;;
113;f45t46V220_113;45_220;46_220;495,366531;220;5,17024;1,29256;;
114;f46t45V220_114;46_220;45_220;495,366531;220;1,09856;0,27464;;
115;f46t45V220_115;46_220;45_220;495,366531;220;1,09664;0,27416;;
116;f46t45V220_116;46_220;45_220;495,366531;220;2,85088;0,71272;;
117;f46t45V220_117;46_220;45_220;247,6832655;220;5,65568;1,41392;;
118;f45t47V220_118;45_220;47_220;990,7330619;220;2,66464;0,66616;;
119;f46t47V220_119;46_220;47_220;990,7330619;220;3,05152;0,76288;;
120;f50t40V380_120;50_380;40_380;1711,266198;380;7,57725;0,757725;;
121;f40t47V220_121;40_220;47_220;495,366531;220;6,35424;1,58856;;
122;f40t47V220_122;40_220;47_220;495,366531;220;2,75168;0,68792;;
123;f47t40V220_123;47_220;40_220;495,366531;220;2,91168;0,72792;;
124;f18t17V220_124;18_220;17_220;495,366531;220;18,05312;4,51328;;
125;f18t17V220_125;18_220;17_220;495,366531;220;18,03584;4,50896;;
126;f17t15V220_126;17_220;15_220;495,366531;220;27,62656;6,90664;;
127;f16t17V220_127;16_220;17_220;495,366531;220;19,85728;4,96432;;
128;f16t15V220_128;16_220;15_220;495,366531;220;32,31456;8,07864;;
129;f21t22V380_129;21_380;22_380;3422,532396;380;3,70925;0,370925;;
130;f21t22V380_130;21_380;22_380;1711,266198;380;7,407;0,7407;;
131;f47t46V380_131;47_380;46_380;1711,266198;380;3,897;0,3897;;
132;f47t46V220_132;47_220;46_220;495,366531;220;13,38976;3,34744;;
133;f46t47V220_133;46_220;47_220;495,366531;220;3,31296;0,82824;;
134;f46t47V220_134;46_220;47_220;495,366531;220;3,30944;0,82736;;
135;f78t72V380_135;78_380;72_380;1283,449648;380;12,41765425;1,241754249;;
136;f46t47V380_136;46_380;47_380;1711,266198;380;4,72675;0,472675;;
137;f47t46V220_137;47_220;46_220;495,366531;220;2,12704;0,53176;;
138;f46t47V220_138;46_220;47_220;495,366531;220;4,43936;1,10984;;
139;f45t59V220_139;45_220;59_220;247,6832655;220;17,48608;4,37152;;
140;f31t27V380_140;31_380;27_380;855,6330989;380;39,595;3,9595;;
141;f31t27V380_141;31_380;27_380;855,6330989;380;39,641;3,9641;;
142;f50t41V380_142;50_380;41_380;1711,266198;380;1,675;0,1675;;
143;f50t41V380_143;50_380;41_380;1711,266198;380;1,6615;0,16615;;
144;f59t48V220_144;59_220;48_220;495,366531;220;8,9328;2,2332;;
145;f59t45V380_145;59_380;45_380;1711,266198;380;5,987;0,5987;;
146;f31t49V380_146;31_380;49_380;1711,266198;380;19,765;1,9765;;
147;f32t31V380_147;32_380;31_380;3422,532396;380;3,230125;0,3230125;;
148;f52t50V380_148;52_380;50_380;1711,266198;380;5,10475;0,510475;;
149;f66t68V380_149;66_380;68_380;1711,266198;380;31,36075;3,136075;;
150;f54t66V380_150;54_380;66_380;1711,266198;380;12,20725;1,220725;;
151;f64t68V220_151;64_220;68_220;247,6832655;220;28,84864;7,21216;;
152;f68t67V220_152;68_220;67_220;495,366531;220;4,35392;1,08848;;
153;f56t68V380_153;56_380;68_380;1711,266198;380;30,93025;3,093025;;
154;f56t68V380_154;56_380;68_380;1711,266198;380;30,93525;3,093525;;
155;f68t67V220_155;68_220;67_220;495,366531;220;4,35328;1,08832;;
156;f71t68V380_156;71_380;68_380;1711,266198;380;27,809;2,7809;;
157;f71t68V380_157;71_380;68_380;1711,266198;380;27,807;2,7807;;
158;f64t68V220_158;64_220;68_220;495,366531;220;14,42432;3,60608;;
159;f32t33V380_159;32_380;33_380;1711,266198;380;3,7635;0,37635;;
160;f32t33V380_160;32_380;33_380;1711,266198;380;3,762;0,3762;;
161;f66t76V380_161;66_380;76_380;855,6330989;380;76,06;7,606;;
162;f67t76V220_162;67_220;76_220;495,366531;220;23,58624;5,89656;;
163;f67t76V220_163;67_220;76_220;495,366531;220;15,03392;3,75848;;
164;f71t89V380_164;71_380;89_380;1711,266198;380;28,73475;2,873475;;
165;f69t68V220_165;69_220;68_220;495,366531;220;5,104;1,276;;
166;f78t79V220_166;78_220;79_220;495,366531;220;22,30688;5,57672;;
167;f71t68V220_167;71_220;68_220;495,366531;220;27,60032;6,90008;;
168;f64t65V220_168;64_220;65_220;495,366531;220;8,06048;2,01512;;
169;f63t64V220_169;63_220;64_220;495,366531;220;11;2,75;;
170;f63t64V220_170;63_220;64_220;495,366531;220;11;2,75;;
171;f89t87V220_171;89_220;87_220;990,7330619;220;11,70688;2,92672;;
172;f87t89V380_172;87_380;89_380;1711,266198;380;18,30475;1,830475;;
173;f44t45V380_173;44_380;45_380;1711,266198;380;1,4665;0,14665;;
174;f44t45V380_174;44_380;45_380;1711,266198;380;2,58875;0,258875;;
175;f44t59V220_175;44_220;59_220;495,366531;220;8,05952;2,01488;;
176;f68t55V220_176;68_220;55_220;247,6832655;220;40,98368;10,24592;;
177;f56t54V220_177;56_220;54_220;495,366531;220;23,52;5,88;;
178;f66t54V220_178;66_220;54_220;247,6832655;220;37,82464;9,45616;;
179;f68t67V220_179;68_220;67_220;495,366531;220;4,21248;1,05312;;
180;f68t67V220_180;68_220;67_220;495,366531;220;4,21024;1,05256;;
181;f68t67V220_181;68_220;67_220;990,7330619;220;10,6256;2,6564;;
182;f71t72V380_182;71_380;72_380;855,6330989;380;16,92;1,692;;
183;f85t83V220_183;85_220;83_220;990,7330619;220;8,23136;2,05784;;
184;f59t57V380_184;59_380;57_380;1711,266198;380;12,71675;1,271675;;
185;f34t59V380_185;34_380;59_380;1711,266198;380;8,3295;0,83295;;
186;f34t59V380_186;34_380;59_380;1711,266198;380;8,3305;0,83305;;
187;f35t57V380_187;35_380;57_380;1711,266198;380;18,96975;1,896975;;
188;f22t25V380_188;22_380;25_380;1711,266198;380;14,35525;1,435525;;
189;f39t18V220_189;39_220;18_220;495,366531;220;62,25152;15,56288;;
190;f39t18V220_190;39_220;18_220;495,366531;220;62,2688;15,5672;;
191;f9t1V380_191;9_380;1_380;1711,266198;380;20,77;2,077;;
192;f9t1V380_192;9_380;1_380;1711,266198;380;20,768;2,0768;;
193;f9t7V220_193;9_220;7_220;743,0497964;220;21,01180717;5,252927169;;
194;f9t4V220_194;9_220;4_220;495,366531;220;16,5328;4,1332;;
195;f4t7V220_195;4_220;7_220;495,366531;220;21,65568;5,41392;;
196;f9t7V380_196;9_380;7_380;855,6330989;380;51,7785;5,17785;;
197;f9t7V380_197;9_380;7_380;855,6330989;380;30,8885;3,08885;;
198;f49t26V220_198;49_220;26_220;247,6832655;220;35,56544;8,89136;;
199;f49t26V220_199;49_220;26_220;247,6832655;220;35,56544;8,89136;;
200;f37t34V220_200;37_220;34_220;495,366531;220;10,41088;2,60272;;
201;f37t34V220_201;37_220;34_220;495,366531;220;10,4112;2,6028;;
202;f21t19V380_202;21_380;19_380;1711,266198;380;21,8045;2,18045;;
203;f21t19V380_203;21_380;19_380;1711,266198;380;27,7925;2,77925;;
204;f2t1V380_204;2_380;1_380;855,6330989;380;23,0625;2,30625;;
205;f2t1V380_205;2_380;1_380;855,6330989;380;23,058;2,3058;;
206;f39t3V380_206;39_380;3_380;1283,449648;380;59,8312735;5,983073502;;
207;f39t3V380_207;39_380;3_380;1283,449648;380;59,82760684;5,982706839;;
208;f7t98V380_208;7_380;98_380;1283,449648;380;16,80531653;1,680516528;;
209;f7t98V380_209;7_380;98_380;1283,449648;380;16,79364987;1,679349873;;
210;f45t44V220_210;45_220;44_220;495,366531;220;0,75168;0,18792;;
211;f30t31V220_211;30_220;31_220;495,366531;220;13,88;3,47;;
212;f31t27V220_212;31_220;27_220;495,366531;220;24,48096;6,12024;;
213;f38t31V220_213;38_220;31_220;495,366531;220;9,824;2,456;;
214;f28t26V220_214;28_220;26_220;495,366531;220;11,248;2,812;;
215;f38t31V220_215;38_220;31_220;495,366531;220;10,84224;2,71056;;
216;f53t50V380_216;53_380;50_380;1711,266198;380;8,48525;0,848525;;
217;f50t53V380_217;50_380;53_380;855,6330989;380;6,4535;0,64535;;
218;f6t3V380_218;6_380;3_380;1283,449648;380;56,38127695;5,638076952;;
219;f3t1V380_219;3_380;1_380;1711,266198;380;22,27;2,227;;
220;f3t1V380_220;3_380;1_380;1711,266198;380;22,273;2,2273;;
221;f38t31V380_221;38_380;31_380;1711,266198;380;2,344;0,2344;;
222;f99t98V380_222;99_380;98_380;1711,266198;380;13,977;1,3977;;
223;f38t29V380_223;38_380;29_380;1711,266198;380;21,468;2,1468;;
224;f38t29V380_224;38_380;29_380;1711,266198;380;21,46925;2,146925;;
225;f21t29V380_225;21_380;29_380;1711,266198;380;6,39075;0,639075;;
226;f34t37V380_226;34_380;37_380;3422,532396;380;7,064125;0,7064125;;
227;f63t36V380_227;63_380;36_380;3422,532396;380;11,13975;1,113975;;
228;f34t35V380_228;34_380;35_380;3422,532396;380;9,0805;0,90805;;
229;f74t71V380_229;74_380;71_380;1711,266198;380;7,4005;0,74005;;
230;f97t74V380_230;97_380;74_380;855,6330989;380;46,544;4,6544;;
231;f73t74V380_231;73_380;74_380;1711,266198;380;13,81325;1,381325;;
232;f97t74V380_232;97_380;74_380;855,6330989;380;51,022;5,1022;;
233;f74t71V380_233;74_380;71_380;1711,266198;380;7,4005;0,74005;;
234;f4t1V380_234;4_380;1_380;2566,899297;380;14,07869482;1,407894824;;
235;f4t99V380_235;4_380;99_380;1283,449648;380;34,81963185;3,481931847;;
236;f85t86V380_236;85_380;86_380;3422,532396;380;6,256125;0,6256125;;
237;f88t71V220_237;88_220;71_220;495,366531;220;39,56576;9,89144;;
238;f88t71V380_238;88_380;71_380;855,6330989;380;61,575;6,1575;;
239;f73t89V380_239;73_380;89_380;1283,449648;380;12,001988;1,200187998;;
240;f79t76V380_240;79_380;76_380;1711,266198;380;50,92075;5,092075;;
241;f9t8V220_241;9_220;8_220;495,366531;220;9,68576;2,42144;;
242;f2t1V380_242;2_380;1_380;1283,449648;380;18,9019811;1,890181098;;
243;f9t1V380_243;9_380;1_380;1283,449648;380;28,47497153;2,847471525;;
244;f1t9V380_244;1_380;9_380;1283,449648;380;15,93465073;1,593450732;;
245;f94t84V220_245;94_220;84_220;495,366531;220;27,58752;6,89688;;
246;f96t7V380_246;96_380;7_380;1283,449648;380;18,69164798;1,869147975;;
247;f96t97V380_247;96_380;97_380;1711,266198;380;12,38975;1,238975;;
248;f96t95V380_248;96_380;95_380;855,6330989;380;24,728;2,4728;;
249;f92t95V380_249;92_380;95_380;855,6330989;380;44,2225;4,42225;;
250;f94t84V380_250;94_380;84_380;3422,532396;380;7,94975;0,794975;;
251;f94t92V380_251;94_380;92_380;855,6330989;380;56,3685;5,63685;;
252;f63t65V380_252;63_380;65_380;855,6330989;380;23,5575;2,35575;;
253;f63t64V220_253;63_220;64_220;495,366531;220;16,91136;4,22784;;
254;f2t1V380_254;2_380;1_380;1283,449648;380;18,9019811;1,890181098;;
255;f4t99V220_255;4_220;99_220;495,366531;220;42,16384;10,54096;;
256;f4t99V220_256;4_220;99_220;247,6832655;220;101,55904;25,38976;;
257;f7t8V220_257;7_220;8_220;990,7330619;220;5,15472;1,28868;;
258;f6t99V380_258;6_380;99_380;1711,266198;380;19,5095;1,95095;;
259;f6t99V380_259;6_380;99_380;1711,266198;380;19,5085;1,95085;;
260;f13t10V380_260;13_380;10_380;2566,899297;380;0,832168331;0,083218331;;
261;f12t10V380_261;12_380;10_380;1711,266198;380;1,296;0,1296;;
262;f93t84V220_262;93_220;84_220;495,366531;220;14,47424;3,61856;;
263;f93t90V220_263;93_220;90_220;495,366531;220;23,63584;5,90896;;
264;f92t90V220_264;92_220;90_220;495,366531;220;20,10944;5,02736;;
265;f93t85V220_265;93_220;85_220;495,366531;220;7,76928;1,94232;;
266;f92t95V220_266;92_220;95_220;247,6832655;220;84,11456;21,02864;;
267;f85t84V380_267;85_380;84_380;5133,798594;380;5,102896255;0,510271255;;
268;f86t89V220_268;86_220;89_220;495,366531;220;19,10848;4,77712;;
269;f79t77V220_269;79_220;77_220;1981,466124;220;3,90528;0,97632;;
270;f40t51V220_270;40_220;51_220;990,7330619;220;0,57888;0,14472;;
271;f71t76V380_271;71_380;76_380;1283,449648;380;18,87264779;1,887247794;;
272;f76t69V380_272;76_380;69_380;855,6330989;380;11,1525;1,11525;;
273;f21t27V380_273;21_380;27_380;855,6330989;380;16,261;1,6261;;
274;f28t27V380_274;28_380;27_380;855,6330989;380;29,3675;2,93675;;
275;f96t7V380_275;96_380;7_380;1283,449648;380;18,68831465;1,868814645;;
276;f92t93V220_276;92_220;93_220;495,366531;220;11,48384;2,87096;;
277;f73t71V380_277;73_380;71_380;1283,449648;380;4,45999554;0,44599554;;
278;f73t71V380_278;73_380;71_380;1283,449648;380;6,866326467;0,686626467;;
279;f30t31V220_279;30_220;31_220;495,366531;220;8,48896;2,12224;;
280;f90t97V220_280;90_220;97_220;495,366531;220;29,06176;7,26544;;
281;f63t97V380_281;63_380;97_380;1283,449648;380;38,68629465;3,868594647;;
282;f63t97V380_282;63_380;97_380;855,6330989;380;43,419;4,3419;;
283;f55t67V220_283;55_220;67_220;247,6832655;220;30,05376;7,51344;;
284;f33t32V220_284;33_220;32_220;495,366531;220;3,84288;0,96072;;
285;f33t32V220_285;33_220;32_220;495,366531;220;10,19072;2,54768;;
286;f97t63V220_286;97_220;63_220;990,7330619;220;7,4752;1,8688;;
287;f96t91V380_287;96_380;91_380;1711,266198;380;20,26825;2,026825;;
288;f90t96V380_288;90_380;96_380;1711,266198;380;25,65175;2,565175;;
289;f90t91V380_289;90_380;91_380;1711,266198;380;6,87575;0,687575;;
290;f90t97V220_290;90_220;97_220;495,366531;220;36,77344;9,19336;;
291;f39t38V380_291;39_380;38_380;855,6330989;380;24,369;2,4369;;
292;f39t38V380_292;39_380;38_380;855,6330989;380;24,379;2,4379;;
293;f89t73V380_293;89_380;73_380;855,6330989;380;10,159;1,0159;;
294;f61t35V380_294;61_380;35_380;1711,266198;380;12,65375;1,265375;;
295;f61t63V380_295;61_380;63_380;1711,266198;380;4,91625;0,491625;;
296;f25t24V380_296;25_380;24_380;1711,266198;380;12,72025;1,272025;;
297;f1t2V380_297;1_380;2_380;855,6330989;380;47,028;4,7028;;
298;f1t2V380_298;1_380;2_380;855,6330989;380;47,034;4,7034;;
299;f3t1V380_299;3_380;1_380;855,6330989;380;60,819;6,0819;;
300;f3t1V380_300;3_380;1_380;855,6330989;380;60,804;6,0804;;
301;f96t95V220_301;96_220;95_220;495,366531;220;15,74912;3,93728;;
302;f70t71V220_302;70_220;71_220;495,366531;220;3,04416;0,76104;;
303;f33t32V220_303;33_220;32_220;495,366531;220;10,94432;2,73608;;
304;f33t32V220_304;33_220;32_220;495,366531;220;10,59648;2,64912;;
305;f66t54V220_305;66_220;54_220;495,366531;220;22,6768;5,6692;;
306;f79t78V220_306;79_220;78_220;495,366531;220;24,72032;6,18008;;
307;f70t71V380_307;70_380;71_380;855,6330989;380;15,258;1,5258;;
308;f70t73V380_308;70_380;73_380;855,6330989;380;19,118;1,9118;;
309;f24t23V220_309;24_220;23_220;495,366531;220;15,60672;3,90168;;
310;f74t73V220_310;74_220;73_220;495,366531;220;33,50016;8,37504;;
311;f70t73V380_311;70_380;73_380;855,6330989;380;19,1615;1,91615;;
312;f70t71V380_312;70_380;71_380;855,6330989;380;15,258;1,5258;;
313;f88t79V220_313;88_220;79_220;495,366531;220;35,9872;8,9968;;
314;f88t79V380_314;88_380;79_380;855,6330989;380;56,767;5,6767;;
315;f67t68V220_315;67_220;68_220;990,7330619;220;2,00144;0,50036;;
316;f74t69V220_316;74_220;69_220;495,366531;220;11,92224;2,98056;;
317;f34t37V220_317;34_220;37_220;990,7330619;220;7,3672;1,8418;;
318;f27t28V220_318;27_220;28_220;247,6832655;220;24,84544;6,21136;;
319;f9t8V220_319;9_220;8_220;495,366531;220;9,68448;2,42112;;
320;f76t79V380_320;76_380;79_380;1711,266198;380;30,22125;3,022125;;
321;f21t22V380_321;21_380;22_380;855,6330989;380;14,292;1,4292;;
322;f85t81V380_322;85_380;81_380;1711,266198;380;4,279;0,4279;;
323;f25t21V220_323;25_220;21_220;495,366531;220;7,61184;1,90296;;
324;f21t27V380_324;21_380;27_380;855,6330989;380;26,361;2,6361;;
325;f21t27V380_325;21_380;27_380;855,6330989;380;26,3625;2,63625;;
326;f4t99V380_326;4_380;99_380;1283,449648;380;34,82663184;3,48263184;;
327;f14t12V220_327;14_220;12_220;495,366531;220;12,4016;3,1004;;
328;f79t78V380_328;79_380;78_380;1711,266198;380;16,862;1,6862;;
329;f72t78V380_329;72_380;78_380;1711,266198;380;13,8635;1,38635;;
330;f77t76V220_330;77_220;76_220;990,7330619;220;7,59248;1,89812;;
331;f24t25V220_331;24_220;25_220;247,6832655;220;25,30048;6,32512;;
332;f7t99V380_332;7_380;99_380;1711,266198;380;12,9625;1,29625;;
333;f49t26V380_333;49_380;26_380;1711,266198;380;21,217;2,1217;;
334;f49t48V220_334;49_220;48_220;247,6832655;220;26,37056;6,59264;;
335;f49t48V220_335;49_220;48_220;247,6832655;220;22,61568;5,65392;;
336;f18t17V220_336;18_220;17_220;495,366531;220;28,63392;7,15848;;
337;f59t44V380_337;59_380;44_380;1711,266198;380;7,15775;0,715775;;
338;f58t44V380_338;58_380;44_380;1711,266198;380;2,221;0,2221;;
339;f42t45V380_339;42_380;45_380;1711,266198;380;9,8025;0,98025;;
340;f44t45V380_340;44_380;45_380;1711,266198;380;0,03225;0,003225;;
341;f58t44V380_341;58_380;44_380;1711,266198;380;2,07275;0,207275;;
342;f52t53V380_342;52_380;53_380;1711,266198;380;15,05425;1,505425;;
343;f54t53V380_343;54_380;53_380;1711,266198;380;14,64075;1,464075;;
344;f40t41V380_344;40_380;41_380;1711,266198;380;8,88275;0,888275;;
345;f40t47V380_345;40_380;47_380;1711,266198;380;3,41;0,341;;
346;f40t47V380_346;40_380;47_380;1711,266198;380;4,13325;0,413325;;
347;f52t53V380_347;52_380;53_380;1711,266198;380;15,05425;1,505425;;
348;f54t53V380_348;54_380;53_380;1711,266198;380;14,64075;1,464075;;
349;f44t45V220_349;44_220;45_220;495,366531;220;3,7136;0,9284;;
350;f44t45V220_350;44_220;45_220;495,366531;220;3,38368;0,84592;;
351;f59t44V220_351;59_220;44_220;495,366531;220;24,55136;6,13784;;
352;f45t44V220_352;45_220;44_220;495,366531;220;1,6944;0,4236;;
353;f45t44V220_353;45_220;44_220;495,366531;220;0,53952;0,13488;;
354;f44t45V220_354;44_220;45_220;247,6832655;220;4,90624;1,22656;;
355;f59t45V220_355;59_220;45_220;247,6832655;220;18,90432;4,72608;;
356;f44t45V220_356;44_220;45_220;247,6832655;220;4,89984;1,22496;;
357;f41t47V220_357;41_220;47_220;247,6832655;220;14,56512;3,64128;;
358;f53t50V220_358;53_220;50_220;495,366531;220;2,09024;0,52256;;
359;f51t53V220_359;51_220;53_220;495,366531;220;3,88096;0,97024;;
360;f46t47V220_360;46_220;47_220;247,6832655;220;6,94464;1,73616;;
361;f48t59V380_361;48_380;59_380;1711,266198;380;10,583;1,0583;;
362;f53t50V220_362;53_220;50_220;495,366531;220;2,07808;0,51952;;
363;f31t27V220_363;31_220;27_220;495,366531;220;13,66976;3,41744;;
364;f49t33V220_364;49_220;33_220;247,6832655;220;18;4,5;;
365;f37t31V220_365;37_220;31_220;247,6832655;220;3,35616;0,83904;;
366;f37t31V220_366;37_220;31_220;247,6832655;220;19,61536;4,90384;;
367;f37t31V220_367;37_220;31_220;247,6832655;220;19,616;4,904;;
368;f37t31V220_368;37_220;31_220;247,6832655;220;3,35616;0,83904;;
369;f31t38V220_369;31_220;38_220;495,366531;220;9,36544;2,34136;;
370;f86t87V380_370;86_380;87_380;1711,266198;380;12,55825;1,255825;;
371;f87t86V220_371;87_220;86_220;495,366531;220;13,75552;3,43888;;
372;f74t69V380_372;74_380;69_380;855,6330989;380;15,9155;1,59155;;
373;f31t37V380_373;31_380;37_380;855,6330989;380;14,472;1,4472;;
374;f63t60V220_374;63_220;60_220;1486,099593;220;2,244049827;0,561009827;;
375;f63t60V220_375;63_220;60_220;1486,099593;220;0,070506557;0,017626557;;
376;f24t25V220_376;24_220;25_220;247,6832655;220;25,30048;6,32512;;
377;f24t23V380_377;24_380;23_380;495,366;380;13,88;3,47;;
378;f7t8V220_378;7_220;8_220;990,7;220;5;0,5;;
379;f9t8V220_379;9_220;8_220;495,366;220;13,88;3,47;;
